channelGrouping,agg,TotalTransaction
Referral,"{
  ""agg"": [{
    ""Country"": ""United States"",
    ""date"": [""2016-08-01"", ""2016-08-02"", ""2016-08-04"", ""2016-08-05"", ""2016-08-06"", ""2016-08-07"", ""2016-08-08"", ""2016-08-09"", ""2016-08-10"", ""2016-08-11"", ""2016-08-12"", ""2016-08-13"", ""2016-08-14"", ""2016-08-15"", ""2016-08-16"", ""2016-08-17"", ""2016-08-18"", ""2016-08-19"", ""2016-08-20"", ""2016-08-21"", ""2016-08-22"", ""2016-08-23"", ""2016-08-24"", ""2016-08-25"", ""2016-08-26"", ""2016-08-27"", ""2016-08-28"", ""2016-08-29"", ""2016-08-30"", ""2016-08-31"", ""2016-09-01"", ""2016-09-02"", ""2016-09-03"", ""2016-09-04"", ""2016-09-05"", ""2016-09-06"", ""2016-09-07"", ""2016-09-08"", ""2016-09-09"", ""2016-09-10"", ""2016-09-11"", ""2016-09-12"", ""2016-09-13"", ""2016-09-14"", ""2016-09-15"", ""2016-09-16"", ""2016-09-17"", ""2016-09-18"", ""2016-09-19"", ""2016-09-20"", ""2016-09-21"", ""2016-09-22"", ""2016-09-23"", ""2016-09-24"", ""2016-09-25"", ""2016-09-26"", ""2016-09-27"", ""2016-09-28"", ""2016-09-29"", ""2016-09-30"", ""2016-10-01"", ""2016-10-02"", ""2016-10-03"", ""2016-10-04"", ""2016-10-05"", ""2016-10-06"", ""2016-10-07"", ""2016-10-08"", ""2016-10-09"", ""2016-10-10"", ""2016-10-11"", ""2016-10-12"", ""2016-10-13"", ""2016-10-14"", ""2016-10-15"", ""2016-10-16"", ""2016-10-17"", ""2016-10-18"", ""2016-10-19"", ""2016-10-20"", ""2016-10-21"", ""2016-10-22"", ""2016-10-23"", ""2016-10-24"", ""2016-10-25"", ""2016-10-26"", ""2016-10-27"", ""2016-10-28"", ""2016-10-29"", ""2016-10-30"", ""2016-10-31"", ""2016-11-01"", ""2016-11-02"", ""2016-11-03"", ""2016-11-04"", ""2016-11-05"", ""2016-11-06"", ""2016-11-07"", ""2016-11-08"", ""2016-11-09"", ""2016-11-10"", ""2016-11-11"", ""2016-11-12"", ""2016-11-13"", ""2016-11-14"", ""2016-11-15"", ""2016-11-16"", ""2016-11-17"", ""2016-11-18"", ""2016-11-19"", ""2016-11-20"", ""2016-11-21"", ""2016-11-22"", ""2016-11-23"", ""2016-11-24"", ""2016-11-25"", ""2016-11-26"", ""2016-11-27"", ""2016-11-28"", ""2016-11-29"", ""2016-11-30"", ""2016-12-01"", ""2016-12-02"", ""2016-12-03"", ""2016-12-04"", ""2016-12-05"", ""2016-12-06"", ""2016-12-07"", ""2016-12-08"", ""2016-12-09"", ""2016-12-10"", ""2016-12-11"", ""2016-12-12"", ""2016-12-13"", ""2016-12-14"", ""2016-12-15"", ""2016-12-16"", ""2016-12-17"", ""2016-12-18"", ""2016-12-19"", ""2016-12-20"", ""2016-12-21"", ""2016-12-22"", ""2016-12-23"", ""2016-12-24"", ""2016-12-25"", ""2016-12-26"", ""2016-12-27"", ""2016-12-28"", ""2016-12-29"", ""2016-12-30"", ""2016-12-31"", ""2017-01-01"", ""2017-01-02"", ""2017-01-03"", ""2017-01-04"", ""2017-01-05"", ""2017-01-06"", ""2017-01-07"", ""2017-01-08"", ""2017-01-09"", ""2017-01-10"", ""2017-01-11"", ""2017-01-12"", ""2017-01-13"", ""2017-01-14"", ""2017-01-15"", ""2017-01-16"", ""2017-01-17"", ""2017-01-18"", ""2017-01-19"", ""2017-01-20"", ""2017-01-21"", ""2017-01-22"", ""2017-01-23"", ""2017-01-24"", ""2017-01-25"", ""2017-01-26"", ""2017-01-27"", ""2017-01-28"", ""2017-01-29"", ""2017-01-30"", ""2017-01-31"", ""2017-02-01"", ""2017-02-02"", ""2017-02-03"", ""2017-02-04"", ""2017-02-05"", ""2017-02-06"", ""2017-02-07"", ""2017-02-08"", ""2017-02-09"", ""2017-02-10"", ""2017-02-11"", ""2017-02-12"", ""2017-02-13"", ""2017-02-14"", ""2017-02-15"", ""2017-02-16"", ""2017-02-17"", ""2017-02-18"", ""2017-02-19"", ""2017-02-20"", ""2017-02-21"", ""2017-02-22"", ""2017-02-23"", ""2017-02-24"", ""2017-02-25"", ""2017-02-26"", ""2017-02-27"", ""2017-02-28"", ""2017-03-01"", ""2017-03-02"", ""2017-03-03"", ""2017-03-04"", ""2017-03-05"", ""2017-03-06"", ""2017-03-07"", ""2017-03-08"", ""2017-03-09"", ""2017-03-10"", ""2017-03-11"", ""2017-03-12"", ""2017-03-13"", ""2017-03-14"", ""2017-03-15"", ""2017-03-16"", ""2017-03-17"", ""2017-03-18"", ""2017-03-19"", ""2017-03-20"", ""2017-03-21"", ""2017-03-22"", ""2017-03-23"", ""2017-03-24"", ""2017-03-25"", ""2017-03-26"", ""2017-03-27"", ""2017-03-28"", ""2017-03-29"", ""2017-03-30"", ""2017-03-31"", ""2017-04-01"", ""2017-04-02"", ""2017-04-03"", ""2017-04-04"", ""2017-04-05"", ""2017-04-06"", ""2017-04-07"", ""2017-04-08"", ""2017-04-09"", ""2017-04-10"", ""2017-04-11"", ""2017-04-12"", ""2017-04-13"", ""2017-04-14"", ""2017-04-15"", ""2017-04-16"", ""2017-04-17"", ""2017-04-18"", ""2017-04-19"", ""2017-04-20"", ""2017-04-21"", ""2017-04-22"", ""2017-04-23"", ""2017-04-24"", ""2017-04-25"", ""2017-04-26"", ""2017-04-27"", ""2017-04-28"", ""2017-04-29"", ""2017-04-30"", ""2017-05-01"", ""2017-05-02"", ""2017-05-03"", ""2017-05-04"", ""2017-05-05"", ""2017-05-06"", ""2017-05-07"", ""2017-05-08"", ""2017-05-09"", ""2017-05-10"", ""2017-05-11"", ""2017-05-12"", ""2017-05-13"", ""2017-05-14"", ""2017-05-15"", ""2017-05-16"", ""2017-05-17"", ""2017-05-18"", ""2017-05-19"", ""2017-05-20"", ""2017-05-21"", ""2017-05-22"", ""2017-05-23"", ""2017-05-24"", ""2017-05-25"", ""2017-05-26"", ""2017-05-27"", ""2017-05-28"", ""2017-05-29"", ""2017-05-30"", ""2017-05-31"", ""2017-06-01"", ""2017-06-02"", ""2017-06-03"", ""2017-06-04"", ""2017-06-05"", ""2017-06-06"", ""2017-06-07"", ""2017-06-08"", ""2017-06-09"", ""2017-06-10"", ""2017-06-11"", ""2017-06-12"", ""2017-06-13"", ""2017-06-14"", ""2017-06-15"", ""2017-06-16"", ""2017-06-17"", ""2017-06-18"", ""2017-06-19"", ""2017-06-20"", ""2017-06-21"", ""2017-06-22"", ""2017-06-23"", ""2017-06-24"", ""2017-06-25"", ""2017-06-26"", ""2017-06-27"", ""2017-06-28"", ""2017-06-29"", ""2017-06-30"", ""2017-07-01"", ""2017-07-02"", ""2017-07-03"", ""2017-07-04"", ""2017-07-05"", ""2017-07-06"", ""2017-07-07"", ""2017-07-08"", ""2017-07-09"", ""2017-07-10"", ""2017-07-11"", ""2017-07-12"", ""2017-07-13"", ""2017-07-14"", ""2017-07-15"", ""2017-07-16"", ""2017-07-17"", ""2017-07-18"", ""2017-07-19"", ""2017-07-20"", ""2017-07-21"", ""2017-07-22"", ""2017-07-23"", ""2017-07-24"", ""2017-07-25"", ""2017-07-26"", ""2017-07-27"", ""2017-07-28"", ""2017-07-29"", ""2017-07-30"", ""2017-07-31"", ""2017-08-01""]
  }, {
    ""Country"": ""Indonesia"",
    ""date"": [""2016-12-24"", ""2017-03-06"", ""2017-04-08""]
  }, {
    ""Country"": ""Canada"",
    ""date"": [""2016-08-09"", ""2016-08-12"", ""2016-08-16"", ""2016-08-25"", ""2016-09-22"", ""2016-09-26"", ""2016-09-29"", ""2016-10-07"", ""2016-10-17"", ""2016-11-07"", ""2016-11-17"", ""2016-11-29"", ""2016-11-30"", ""2016-12-01"", ""2016-12-04"", ""2016-12-05"", ""2016-12-06"", ""2016-12-08"", ""2016-12-09"", ""2016-12-10"", ""2016-12-12"", ""2016-12-13"", ""2016-12-14"", ""2016-12-15"", ""2016-12-16"", ""2016-12-20"", ""2016-12-21"", ""2016-12-25"", ""2016-12-26"", ""2016-12-27"", ""2016-12-28"", ""2016-12-29"", ""2016-12-30"", ""2017-01-03"", ""2017-01-11"", ""2017-01-12"", ""2017-01-16"", ""2017-01-18"", ""2017-01-20"", ""2017-02-01"", ""2017-02-08"", ""2017-02-11"", ""2017-03-04"", ""2017-03-06"", ""2017-03-09"", ""2017-03-12"", ""2017-03-13"", ""2017-03-16"", ""2017-03-19"", ""2017-03-30"", ""2017-04-04"", ""2017-04-06"", ""2017-04-07"", ""2017-04-08"", ""2017-04-10"", ""2017-04-15"", ""2017-04-17"", ""2017-04-19"", ""2017-04-20"", ""2017-04-25"", ""2017-05-08"", ""2017-05-09"", ""2017-05-11"", ""2017-05-13"", ""2017-05-26"", ""2017-05-29"", ""2017-06-02"", ""2017-06-07"", ""2017-06-08"", ""2017-06-11"", ""2017-06-12"", ""2017-06-13"", ""2017-06-14"", ""2017-06-15"", ""2017-06-16"", ""2017-06-17"", ""2017-06-21"", ""2017-06-22"", ""2017-06-24"", ""2017-07-03"", ""2017-07-04"", ""2017-07-10"", ""2017-07-11"", ""2017-07-14"", ""2017-07-16"", ""2017-07-18"", ""2017-07-19"", ""2017-07-20"", ""2017-07-21"", ""2017-07-28"", ""2017-07-31""]
  }, {
    ""Country"": ""Cyprus"",
    ""date"": [""2017-03-26"", ""2017-04-11""]
  }, {
    ""Country"": ""Brazil"",
    ""date"": [""2016-11-21"", ""2016-12-08"", ""2016-12-13"", ""2017-06-22""]
  }, {
    ""Country"": ""Taiwan"",
    ""date"": [""2016-09-13"", ""2016-09-21"", ""2016-11-07"", ""2016-12-14"", ""2016-12-20"", ""2017-01-01"", ""2017-02-23"", ""2017-02-24"", ""2017-03-22"", ""2017-05-25""]
  }, {
    ""Country"": ""Ireland"",
    ""date"": [""2016-09-12"", ""2016-11-22"", ""2016-12-14"", ""2016-12-20"", ""2017-03-13"", ""2017-05-25"", ""2017-06-03"", ""2017-06-08"", ""2017-06-10"", ""2017-07-06"", ""2017-07-17""]
  }, {
    ""Country"": ""United Kingdom"",
    ""date"": [""2016-08-23"", ""2016-10-20"", ""2016-10-23"", ""2016-12-01"", ""2016-12-06"", ""2016-12-08"", ""2017-02-15"", ""2017-02-23"", ""2017-03-07"", ""2017-06-13"", ""2017-07-06"", ""2017-07-10"", ""2017-07-24""]
  }, {
    ""Country"": ""Hong Kong"",
    ""date"": [""2016-11-24"", ""2017-01-29"", ""2017-05-14""]
  }, {
    ""Country"": ""Nigeria"",
    ""date"": [""2017-07-23"", ""2017-07-25""]
  }, {
    ""Country"": ""Greece"",
    ""date"": [""2016-12-20"", ""2017-07-16""]
  }, {
    ""Country"": ""Australia"",
    ""date"": [""2016-11-26"", ""2016-12-06"", ""2017-01-10"", ""2017-02-15"", ""2017-03-05"", ""2017-03-07"", ""2017-04-23"", ""2017-04-24"", ""2017-06-16"", ""2017-06-17"", ""2017-07-29""]
  }, {
    ""Country"": ""Venezuela"",
    ""date"": [""2017-03-18"", ""2017-03-19""]
  }, {
    ""Country"": ""India"",
    ""date"": [""2016-09-09"", ""2016-10-04"", ""2016-11-23"", ""2016-12-09"", ""2017-01-18"", ""2017-01-30"", ""2017-02-15"", ""2017-03-24"", ""2017-03-30"", ""2017-05-31"", ""2017-06-15"", ""2017-07-06""]
  }, {
    ""Country"": ""Switzerland"",
    ""date"": [""2016-08-11"", ""2016-09-09"", ""2016-12-19"", ""2017-01-12"", ""2017-03-01"", ""2017-03-02"", ""2017-05-11"", ""2017-05-20"", ""2017-06-29"", ""2017-07-11""]
  }, {
    ""Country"": ""Poland"",
    ""date"": [""2017-04-22"", ""2017-05-05"", ""2017-07-03"", ""2017-07-24""]
  }, {
    ""Country"": ""Germany"",
    ""date"": [""2016-08-15"", ""2016-10-12"", ""2017-03-15"", ""2017-07-05"", ""2017-07-10"", ""2017-07-13""]
  }, {
    ""Country"": ""South Korea"",
    ""date"": [""2016-10-31"", ""2017-01-04"", ""2017-01-16"", ""2017-06-01"", ""2017-06-29""]
  }, {
    ""Country"": ""Israel"",
    ""date"": [""2016-11-08"", ""2016-12-27"", ""2017-06-05"", ""2017-06-20""]
  }, {
    ""Country"": ""Puerto Rico"",
    ""date"": [""2016-12-09"", ""2017-01-31"", ""2017-04-22"", ""2017-04-26""]
  }, {
    ""Country"": ""Nicaragua"",
    ""date"": [""2016-11-21""]
  }, {
    ""Country"": ""Singapore"",
    ""date"": [""2016-09-16"", ""2016-12-11"", ""2016-12-17"", ""2017-01-08"", ""2017-03-14"", ""2017-04-10"", ""2017-06-22"", ""2017-07-31""]
  }, {
    ""Country"": ""Sweden"",
    ""date"": [""2016-12-02""]
  }, {
    ""Country"": ""Argentina"",
    ""date"": [""2017-02-27"", ""2017-05-16"", ""2017-06-02""]
  }, {
    ""Country"": ""Japan"",
    ""date"": [""2016-11-22"", ""2016-12-08"", ""2016-12-23"", ""2017-02-14"", ""2017-05-25"", ""2017-05-30""]
  }, {
    ""Country"": ""Spain"",
    ""date"": [""2017-03-02""]
  }, {
    ""Country"": ""Belgium"",
    ""date"": [""2017-06-12""]
  }, {
    ""Country"": ""France"",
    ""date"": [""2016-11-11"", ""2017-03-25""]
  }, {
    ""Country"": ""Mexico"",
    ""date"": [""2016-08-09"", ""2016-12-13"", ""2016-12-25"", ""2017-01-09"", ""2017-06-19"", ""2017-07-27""]
  }, {
    ""Country"": ""South Africa"",
    ""date"": [""2017-02-26"", ""2017-05-26""]
  }, {
    ""Country"": ""Netherlands"",
    ""date"": [""2016-11-29"", ""2017-04-07"", ""2017-06-28""]
  }, {
    ""Country"": ""Turkey"",
    ""date"": [""2017-06-06""]
  }, {
    ""Country"": ""Iceland"",
    ""date"": [""2017-05-04""]
  }, {
    ""Country"": ""China"",
    ""date"": [""2016-12-09"", ""2016-12-12"", ""2017-01-13"", ""2017-04-09""]
  }, {
    ""Country"": ""Lebanon"",
    ""date"": [""2016-11-03""]
  }, {
    ""Country"": ""Italy"",
    ""date"": [""2017-07-27""]
  }, {
    ""Country"": ""Chile"",
    ""date"": [""2017-07-12""]
  }, {
    ""Country"": ""Thailand"",
    ""date"": [""2016-08-02""]
  }, {
    ""Country"": ""New Zealand"",
    ""date"": [""2017-01-11""]
  }]
}","[62,128,59,267,200,86,125,165,126,94,99,1,168,55,101,150,62,132,124,205,95,70,55,31,31,37,222,129,40,42,54,327,39,17,58,40,94,50,35,68,56,79,62,43,217,291,91,256,172,246,176,210,129,48,55,3,79,96,39,89,22,60,104,110,48,23,83,84,22,54,62,41,86,48,58,25,86,65,46,29,98,58,119,93,1,84,112,44,124,188,53,83,69,136,102,88,81,76,140,74,95,99,52,37,95,95,69,124,112,133,72,29,60,153,384,126,80,103,78,140,138,74,92,131,111,32,52,108,102,131,123,53,48,131,173,191,137,113,61,154,116,120,170,58,56,127,17,74,145,39,69,115,135,166,108,40,37,70,80,34,64,158,210,102,97,133,1,82,38,61,70,44,130,53,65,96,64,60,90,42,37,49,52,69,40,99,76,120,115,102,110,60,90,99,122,44,118,107,68,116,130,33,54,71,85,33,80,54,1,101,174,93,54,61,72,73,30,57,61,90,39,54,45,62,128,67,106,1,186,200,107,56,110,221,100,56,59,60,34,29,38,38,55,74,107,60,37,50,211,73,101,104,27,51,37,110,65,1,61,1,33,96,38,30,1,123,44,36,65,53,81,48,49,103,22,4,32,94,44,2,88,154,57,3,3,1,56,44,41,69,68,39,1,60,60,40,12,1,56,21,90,1,46,24,197,58,1,46,45,120,197,70,18,35,10,47,60,77,1,52,55,39,83,68,91,25,1,90,15,90,1,1,126,2,176,1,1,1,1,1,1,4,1,1,28,2,66,1,31,1,59,2,18,2,1,25,63,30,14,45,82,8,51,51,25,51,35,39,32,6,34,30,1,8,18,55,44,23,8,43,57,35,49,3,102,49,2,1,67,2,10,30,2,42,12,20,56,36,32,2,47,6,6,2,33,42,10,50,5,1,1,21,1,5,8,1,1,45,16,1,1,2,4,8,46,1,3,1,1,1,1,1,2,1,1,7,2,2,21,5,1,8,4,1,1,245,2,1,8,4,1,1,2,1,3,3,2,31,11,31,1,3,7,17,2,1,2,19,2,6,26,6,2,5,8,1,6,1,1,9,6,1,2,2,1,2,1,1,1,1,1,1,1,1,1,1,1,3,1,1,1,1,1,3,1,4,1,2,1,1,1,1,1,1,1,1,7,2,4,1,2,5,6,12,1,3,1,2,4,6,2,6,3,7,2,1,6,3,2,2,4,1,2,6,1,2,2,2,3,1,1,3,2,4,3,1,1,3,1,1,1,2,1,1,1,1,1,1,1,1,1,1,1,1,4,4,3,7,3,9,6,1,7,2,2,5,1,2,4,2,2,6,3,2,2,6,1,9,5,9,2,5,1,1,5,1,1,1,6]"
Direct,"{
  ""agg"": [{
    ""Country"": ""United States"",
    ""date"": [""2016-08-01"", ""2016-08-02"", ""2016-08-04"", ""2016-08-05"", ""2016-08-06"", ""2016-08-07"", ""2016-08-08"", ""2016-08-09"", ""2016-08-10"", ""2016-08-11"", ""2016-08-12"", ""2016-08-13"", ""2016-08-14"", ""2016-08-15"", ""2016-08-16"", ""2016-08-17"", ""2016-08-18"", ""2016-08-19"", ""2016-08-20"", ""2016-08-21"", ""2016-08-22"", ""2016-08-23"", ""2016-08-24"", ""2016-08-25"", ""2016-08-26"", ""2016-08-27"", ""2016-08-28"", ""2016-08-29"", ""2016-08-30"", ""2016-08-31"", ""2016-09-01"", ""2016-09-02"", ""2016-09-03"", ""2016-09-04"", ""2016-09-05"", ""2016-09-06"", ""2016-09-07"", ""2016-09-08"", ""2016-09-09"", ""2016-09-10"", ""2016-09-11"", ""2016-09-12"", ""2016-09-13"", ""2016-09-14"", ""2016-09-15"", ""2016-09-16"", ""2016-09-18"", ""2016-09-19"", ""2016-09-20"", ""2016-09-21"", ""2016-09-22"", ""2016-09-23"", ""2016-09-25"", ""2016-09-26"", ""2016-09-27"", ""2016-09-28"", ""2016-09-29"", ""2016-09-30"", ""2016-10-02"", ""2016-10-03"", ""2016-10-04"", ""2016-10-05"", ""2016-10-06"", ""2016-10-07"", ""2016-10-08"", ""2016-10-09"", ""2016-10-10"", ""2016-10-11"", ""2016-10-12"", ""2016-10-13"", ""2016-10-14"", ""2016-10-15"", ""2016-10-16"", ""2016-10-17"", ""2016-10-18"", ""2016-10-19"", ""2016-10-20"", ""2016-10-21"", ""2016-10-22"", ""2016-10-23"", ""2016-10-24"", ""2016-10-25"", ""2016-10-26"", ""2016-10-27"", ""2016-10-28"", ""2016-10-29"", ""2016-10-30"", ""2016-10-31"", ""2016-11-01"", ""2016-11-02"", ""2016-11-03"", ""2016-11-04"", ""2016-11-05"", ""2016-11-06"", ""2016-11-07"", ""2016-11-08"", ""2016-11-09"", ""2016-11-10"", ""2016-11-11"", ""2016-11-12"", ""2016-11-13"", ""2016-11-14"", ""2016-11-15"", ""2016-11-16"", ""2016-11-17"", ""2016-11-18"", ""2016-11-19"", ""2016-11-20"", ""2016-11-21"", ""2016-11-22"", ""2016-11-23"", ""2016-11-24"", ""2016-11-25"", ""2016-11-26"", ""2016-11-27"", ""2016-11-28"", ""2016-11-29"", ""2016-11-30"", ""2016-12-01"", ""2016-12-02"", ""2016-12-03"", ""2016-12-04"", ""2016-12-05"", ""2016-12-06"", ""2016-12-07"", ""2016-12-08"", ""2016-12-09"", ""2016-12-10"", ""2016-12-11"", ""2016-12-12"", ""2016-12-13"", ""2016-12-14"", ""2016-12-15"", ""2016-12-16"", ""2016-12-17"", ""2016-12-18"", ""2016-12-19"", ""2016-12-20"", ""2016-12-21"", ""2016-12-22"", ""2016-12-23"", ""2016-12-24"", ""2016-12-25"", ""2016-12-26"", ""2016-12-27"", ""2016-12-28"", ""2016-12-29"", ""2016-12-30"", ""2016-12-31"", ""2017-01-01"", ""2017-01-02"", ""2017-01-03"", ""2017-01-04"", ""2017-01-05"", ""2017-01-06"", ""2017-01-07"", ""2017-01-08"", ""2017-01-09"", ""2017-01-10"", ""2017-01-11"", ""2017-01-12"", ""2017-01-13"", ""2017-01-14"", ""2017-01-15"", ""2017-01-16"", ""2017-01-17"", ""2017-01-18"", ""2017-01-19"", ""2017-01-20"", ""2017-01-21"", ""2017-01-22"", ""2017-01-23"", ""2017-01-24"", ""2017-01-25"", ""2017-01-26"", ""2017-01-27"", ""2017-01-28"", ""2017-01-29"", ""2017-01-30"", ""2017-01-31"", ""2017-02-01"", ""2017-02-02"", ""2017-02-03"", ""2017-02-04"", ""2017-02-05"", ""2017-02-06"", ""2017-02-07"", ""2017-02-08"", ""2017-02-09"", ""2017-02-10"", ""2017-02-11"", ""2017-02-12"", ""2017-02-13"", ""2017-02-14"", ""2017-02-15"", ""2017-02-16"", ""2017-02-17"", ""2017-02-18"", ""2017-02-19"", ""2017-02-20"", ""2017-02-21"", ""2017-02-22"", ""2017-02-23"", ""2017-02-24"", ""2017-02-25"", ""2017-02-26"", ""2017-02-27"", ""2017-02-28"", ""2017-03-01"", ""2017-03-02"", ""2017-03-03"", ""2017-03-04"", ""2017-03-05"", ""2017-03-06"", ""2017-03-07"", ""2017-03-08"", ""2017-03-09"", ""2017-03-10"", ""2017-03-11"", ""2017-03-12"", ""2017-03-13"", ""2017-03-14"", ""2017-03-15"", ""2017-03-16"", ""2017-03-17"", ""2017-03-18"", ""2017-03-19"", ""2017-03-20"", ""2017-03-21"", ""2017-03-22"", ""2017-03-23"", ""2017-03-24"", ""2017-03-25"", ""2017-03-26"", ""2017-03-27"", ""2017-03-28"", ""2017-03-29"", ""2017-03-30"", ""2017-03-31"", ""2017-04-01"", ""2017-04-02"", ""2017-04-03"", ""2017-04-04"", ""2017-04-05"", ""2017-04-06"", ""2017-04-07"", ""2017-04-08"", ""2017-04-09"", ""2017-04-10"", ""2017-04-11"", ""2017-04-12"", ""2017-04-13"", ""2017-04-14"", ""2017-04-15"", ""2017-04-16"", ""2017-04-17"", ""2017-04-18"", ""2017-04-19"", ""2017-04-20"", ""2017-04-21"", ""2017-04-22"", ""2017-04-23"", ""2017-04-24"", ""2017-04-25"", ""2017-04-26"", ""2017-04-27"", ""2017-04-28"", ""2017-04-29"", ""2017-04-30"", ""2017-05-01"", ""2017-05-02"", ""2017-05-03"", ""2017-05-04"", ""2017-05-05"", ""2017-05-06"", ""2017-05-07"", ""2017-05-08"", ""2017-05-09"", ""2017-05-10"", ""2017-05-11"", ""2017-05-12"", ""2017-05-13"", ""2017-05-14"", ""2017-05-15"", ""2017-05-16"", ""2017-05-17"", ""2017-05-18"", ""2017-05-19"", ""2017-05-20"", ""2017-05-21"", ""2017-05-22"", ""2017-05-23"", ""2017-05-24"", ""2017-05-25"", ""2017-05-26"", ""2017-05-27"", ""2017-05-28"", ""2017-05-29"", ""2017-05-30"", ""2017-05-31"", ""2017-06-01"", ""2017-06-02"", ""2017-06-03"", ""2017-06-04"", ""2017-06-05"", ""2017-06-06"", ""2017-06-07"", ""2017-06-08"", ""2017-06-09"", ""2017-06-10"", ""2017-06-11"", ""2017-06-12"", ""2017-06-13"", ""2017-06-14"", ""2017-06-15"", ""2017-06-16"", ""2017-06-17"", ""2017-06-18"", ""2017-06-19"", ""2017-06-20"", ""2017-06-21"", ""2017-06-22"", ""2017-06-23"", ""2017-06-24"", ""2017-06-25"", ""2017-06-26"", ""2017-06-27"", ""2017-06-28"", ""2017-06-29"", ""2017-06-30"", ""2017-07-03"", ""2017-07-04"", ""2017-07-05"", ""2017-07-06"", ""2017-07-07"", ""2017-07-08"", ""2017-07-09"", ""2017-07-10"", ""2017-07-11"", ""2017-07-12"", ""2017-07-13"", ""2017-07-14"", ""2017-07-15"", ""2017-07-16"", ""2017-07-17"", ""2017-07-18"", ""2017-07-19"", ""2017-07-20"", ""2017-07-21"", ""2017-07-22"", ""2017-07-23"", ""2017-07-24"", ""2017-07-25"", ""2017-07-26"", ""2017-07-27"", ""2017-07-28"", ""2017-07-29"", ""2017-07-30"", ""2017-07-31"", ""2017-08-01""]
  }, {
    ""Country"": ""India"",
    ""date"": [""2016-11-26"", ""2016-12-14"", ""2016-12-22"", ""2017-02-23"", ""2017-03-05"", ""2017-03-20""]
  }, {
    ""Country"": ""Israel"",
    ""date"": [""2016-11-10"", ""2016-11-21"", ""2017-01-09"", ""2017-03-29"", ""2017-07-13""]
  }, {
    ""Country"": ""Japan"",
    ""date"": [""2016-12-19"", ""2017-01-10"", ""2017-03-07"", ""2017-04-13"", ""2017-05-05"", ""2017-05-09"", ""2017-05-23""]
  }, {
    ""Country"": ""Canada"",
    ""date"": [""2016-08-05"", ""2016-08-15"", ""2016-08-16"", ""2016-08-17"", ""2016-08-22"", ""2016-10-14"", ""2016-11-04"", ""2016-11-19"", ""2016-11-20"", ""2016-11-28"", ""2016-11-29"", ""2016-11-30"", ""2016-12-01"", ""2016-12-02"", ""2016-12-03"", ""2016-12-04"", ""2016-12-05"", ""2016-12-07"", ""2016-12-08"", ""2016-12-09"", ""2016-12-11"", ""2016-12-12"", ""2016-12-13"", ""2016-12-14"", ""2016-12-15"", ""2016-12-16"", ""2016-12-17"", ""2016-12-19"", ""2016-12-20"", ""2016-12-21"", ""2016-12-22"", ""2016-12-23"", ""2016-12-28"", ""2017-01-02"", ""2017-01-03"", ""2017-01-06"", ""2017-01-15"", ""2017-01-18"", ""2017-01-20"", ""2017-01-22"", ""2017-01-24"", ""2017-01-28"", ""2017-01-30"", ""2017-02-02"", ""2017-02-03"", ""2017-02-04"", ""2017-02-08"", ""2017-02-10"", ""2017-02-12"", ""2017-02-13"", ""2017-02-14"", ""2017-02-17"", ""2017-02-19"", ""2017-02-22"", ""2017-02-25"", ""2017-02-27"", ""2017-03-01"", ""2017-03-06"", ""2017-03-07"", ""2017-03-08"", ""2017-03-17"", ""2017-03-18"", ""2017-03-24"", ""2017-03-25"", ""2017-03-26"", ""2017-03-27"", ""2017-03-28"", ""2017-03-29"", ""2017-04-02"", ""2017-04-03"", ""2017-04-05"", ""2017-04-10"", ""2017-04-12"", ""2017-04-13"", ""2017-04-14"", ""2017-04-22"", ""2017-04-23"", ""2017-04-24"", ""2017-04-25"", ""2017-04-26"", ""2017-05-03"", ""2017-05-05"", ""2017-05-08"", ""2017-05-09"", ""2017-05-10"", ""2017-05-13"", ""2017-05-17"", ""2017-05-18"", ""2017-05-19"", ""2017-05-22"", ""2017-05-26"", ""2017-05-30"", ""2017-06-04"", ""2017-06-07"", ""2017-06-12"", ""2017-06-13"", ""2017-06-14"", ""2017-06-18"", ""2017-06-19"", ""2017-06-21"", ""2017-06-23"", ""2017-06-29"", ""2017-07-03"", ""2017-07-04"", ""2017-07-06"", ""2017-07-12"", ""2017-07-13"", ""2017-07-15"", ""2017-07-17"", ""2017-07-18"", ""2017-07-19"", ""2017-07-20"", ""2017-07-22"", ""2017-07-31"", ""2017-08-01""]
  }, {
    ""Country"": ""United Kingdom"",
    ""date"": [""2016-12-02"", ""2016-12-15"", ""2016-12-22"", ""2017-01-17"", ""2017-02-02"", ""2017-02-10"", ""2017-02-14"", ""2017-05-02"", ""2017-06-14""]
  }, {
    ""Country"": ""United Arab Emirates"",
    ""date"": [""2016-10-31"", ""2016-11-07"", ""2016-11-16"", ""2016-11-23"", ""2016-12-03"", ""2017-01-05"", ""2017-03-14"", ""2017-04-19""]
  }, {
    ""Country"": ""Hong Kong"",
    ""date"": [""2017-03-14""]
  }, {
    ""Country"": ""Germany"",
    ""date"": [""2016-12-26"", ""2016-12-28"", ""2017-01-04"", ""2017-02-02""]
  }, {
    ""Country"": ""Ireland"",
    ""date"": [""2016-11-07"", ""2016-11-19"", ""2017-01-26"", ""2017-02-02"", ""2017-03-02"", ""2017-05-01""]
  }, {
    ""Country"": ""Singapore"",
    ""date"": [""2016-10-22"", ""2016-11-05"", ""2016-11-06"", ""2017-01-22"", ""2017-01-25"", ""2017-02-26"", ""2017-05-05"", ""2017-06-10"", ""2017-06-12"", ""2017-06-23""]
  }, {
    ""Country"": ""Australia"",
    ""date"": [""2016-08-29"", ""2016-10-05"", ""2016-10-31"", ""2016-12-12"", ""2017-01-09"", ""2017-01-28""]
  }, {
    ""Country"": ""Taiwan"",
    ""date"": [""2017-01-16"", ""2017-02-13"", ""2017-02-16"", ""2017-03-16"", ""2017-04-13"", ""2017-04-17"", ""2017-06-11""]
  }, {
    ""Country"": ""Argentina"",
    ""date"": [""2016-12-28"", ""2017-01-02"", ""2017-04-16""]
  }, {
    ""Country"": ""Venezuela"",
    ""date"": [""2016-08-04"", ""2016-08-17"", ""2016-08-20"", ""2016-08-21"", ""2016-08-22"", ""2016-08-24"", ""2017-02-19"", ""2017-03-04"", ""2017-03-11"", ""2017-03-20""]
  }, {
    ""Country"": ""Puerto Rico"",
    ""date"": [""2017-03-12"", ""2017-04-09""]
  }, {
    ""Country"": ""Greece"",
    ""date"": [""2017-05-02""]
  }, {
    ""Country"": ""Mexico"",
    ""date"": [""2016-10-11"", ""2016-11-27"", ""2016-12-03"", ""2017-02-07"", ""2017-02-15"", ""2017-03-28"", ""2017-05-12""]
  }, {
    ""Country"": ""Sweden"",
    ""date"": [""2017-03-01"", ""2017-05-11"", ""2017-06-21""]
  }, {
    ""Country"": ""Switzerland"",
    ""date"": [""2016-12-30"", ""2017-01-20"", ""2017-03-27"", ""2017-05-12""]
  }, {
    ""Country"": ""South Korea"",
    ""date"": [""2017-03-21"", ""2017-06-19""]
  }, {
    ""Country"": ""Chile"",
    ""date"": [""2016-08-31""]
  }, {
    ""Country"": ""(not set)"",
    ""date"": [""2016-08-24"", ""2016-08-25""]
  }, {
    ""Country"": ""Colombia"",
    ""date"": [""2017-01-18"", ""2017-03-03""]
  }, {
    ""Country"": ""China"",
    ""date"": [""2016-11-07"", ""2016-11-19"", ""2016-12-05"", ""2016-12-27"", ""2017-02-09"", ""2017-03-06"", ""2017-07-28""]
  }, {
    ""Country"": ""Brazil"",
    ""date"": [""2016-09-09"", ""2016-11-07"", ""2016-11-30"", ""2016-12-11"", ""2017-02-16"", ""2017-02-24"", ""2017-03-17"", ""2017-03-24"", ""2017-07-11""]
  }, {
    ""Country"": ""Malaysia"",
    ""date"": [""2017-06-07""]
  }, {
    ""Country"": ""Belgium"",
    ""date"": [""2016-11-30"", ""2017-04-11""]
  }, {
    ""Country"": ""Kuwait"",
    ""date"": [""2017-01-18"", ""2017-03-26""]
  }, {
    ""Country"": ""France"",
    ""date"": [""2016-11-30"", ""2016-12-27"", ""2017-06-04"", ""2017-06-14""]
  }, {
    ""Country"": ""Thailand"",
    ""date"": [""2016-09-08"", ""2017-05-24""]
  }, {
    ""Country"": ""Guadeloupe"",
    ""date"": [""2016-12-29""]
  }, {
    ""Country"": ""Russia"",
    ""date"": [""2017-02-12""]
  }, {
    ""Country"": ""Indonesia"",
    ""date"": [""2016-08-26""]
  }, {
    ""Country"": ""Italy"",
    ""date"": [""2016-10-08""]
  }, {
    ""Country"": ""Finland"",
    ""date"": [""2016-12-16"", ""2017-08-01""]
  }, {
    ""Country"": ""Poland"",
    ""date"": [""2016-12-16"", ""2017-07-05""]
  }, {
    ""Country"": ""New Zealand"",
    ""date"": [""2017-03-04""]
  }, {
    ""Country"": ""Kenya"",
    ""date"": [""2016-08-01"", ""2016-12-07""]
  }, {
    ""Country"": ""Armenia"",
    ""date"": [""2016-11-15""]
  }, {
    ""Country"": ""Portugal"",
    ""date"": [""2016-09-20""]
  }, {
    ""Country"": ""Guatemala"",
    ""date"": [""2017-01-01"", ""2017-03-04"", ""2017-05-24""]
  }, {
    ""Country"": ""Ukraine"",
    ""date"": [""2017-06-20"", ""2017-06-26""]
  }, {
    ""Country"": ""Hungary"",
    ""date"": [""2017-02-17""]
  }, {
    ""Country"": ""Ecuador"",
    ""date"": [""2016-12-27""]
  }, {
    ""Country"": ""Vietnam"",
    ""date"": [""2017-01-20""]
  }]
}","[199,30,35,105,1,50,48,81,72,54,74,82,57,16,19,38,76,47,76,59,84,49,60,69,84,73,77,98,98,67,1,85,50,50,62,84,108,102,44,173,95,92,44,56,100,65,130,123,82,173,64,21,49,38,91,109,60,54,1,62,51,23,43,98,63,48,69,42,58,17,46,122,38,41,64,43,80,98,66,29,26,79,61,18,14,49,70,23,22,36,59,27,43,60,40,16,50,42,17,27,16,47,28,7,27,56,53,91,57,69,30,136,20,42,81,120,15,45,30,48,64,49,39,104,1,11,56,33,37,1843,33,32,11,389,1,36,22,16,48,23,20,2,3,2,95,74,1,150,29,17,22,48,22,22,33,38,32,27,12,48,65,124,51,46,40,33,35,20,66,1,56,52,78,33,6,89,3,4,5,53,105,2,57,79,57,1,28,43,83,51,36,21,61,31,84,38,8,50,24,27,31,2,1,2,10,3,31,11,1,1,42,1,27,42,1,1,8,1,2,1,55,27,1,2,1,13,38,6,43,28,49,4,84,28,10,24,91,6,62,3,29,3,14,3,18,62,14,2,1,4,1,50,8,1,22,39,11,1,12,23,25,3,13,27,61,26,21,94,42,1,1,4,1,2,22,21,5,1,1,4,15,62,50,54,2,12,26,2,31,51,12,3,26,17,29,11,28,3,10,23,22,41,16,1,36,17,28,1,42,2,27,53,7,34,45,19,19,11,88,987,12,2,43,49,32,68,17,15,34,16,18,28,15,3,12,43,17,20,3,2,34,53,35,20,13,20,3,1,19,11,70,17,3,8,50,9,3,7,23,4,11,15,10,11,35,17,1,12,1,4,1,1,1,1,21,7,14,14,12,4,8,4,41,14,1,36,11,38,4,25,3,12,30,16,30,3,22,2,2,3,3,2,5,2,2,3,3,23,2,1,66,1,1,1,1,7,33,2,1,2,18,1,1,1,27,1,1,1,1,2,41,1,1,2,1,18,7,9,41,1,1,1,1,1,1,1,1,1,4,3,32,7,3,4,1,3,2,2,1,1,20,3,18,3,22,3,18,44,11,19,13,1,4,2,1,6,3,5,4,51,4,1,1,1,1,3,7,1,1,1,26,1,3,3,1,22,2,3,4,3,4,1,2,3,1,1,1,2,4,5,10,1,1,4,5,1,2,6,1,3,1,2,2,2,1,52,1,1,1,5,1,1,1,4,3,5,1,1,1,1,1,8,4,6,1,7,1,1,5,3,9,2,6,1,1,6,6,48,3,3,2,3,14,10,9,2,4,6,1,12,3,5,1,4,1,1,2,1,1,2,2,1,2,15,1,2,1,8,1,2,1,2,8,1,1,1,3,3,1,1,1,3,1,1,1,3,1,1,1,2,2,1,1,2,10,6,8,2,10,3,2,5,2,4,2,2,2,10,1]"
Organic Search,"{
  ""agg"": [{
    ""Country"": ""United States"",
    ""date"": [""2016-08-01"", ""2016-08-02"", ""2016-08-04"", ""2016-08-05"", ""2016-08-06"", ""2016-08-07"", ""2016-08-08"", ""2016-08-09"", ""2016-08-10"", ""2016-08-11"", ""2016-08-12"", ""2016-08-13"", ""2016-08-14"", ""2016-08-15"", ""2016-08-16"", ""2016-08-17"", ""2016-08-18"", ""2016-08-19"", ""2016-08-20"", ""2016-08-21"", ""2016-08-22"", ""2016-08-23"", ""2016-08-24"", ""2016-08-25"", ""2016-08-26"", ""2016-08-27"", ""2016-08-28"", ""2016-08-29"", ""2016-08-30"", ""2016-08-31"", ""2016-09-01"", ""2016-09-02"", ""2016-09-03"", ""2016-09-04"", ""2016-09-05"", ""2016-09-06"", ""2016-09-07"", ""2016-09-08"", ""2016-09-09"", ""2016-09-10"", ""2016-09-11"", ""2016-09-12"", ""2016-09-13"", ""2016-09-14"", ""2016-09-15"", ""2016-09-16"", ""2016-09-17"", ""2016-09-18"", ""2016-09-19"", ""2016-09-20"", ""2016-09-21"", ""2016-09-22"", ""2016-09-23"", ""2016-09-24"", ""2016-09-25"", ""2016-09-26"", ""2016-09-27"", ""2016-09-28"", ""2016-09-29"", ""2016-09-30"", ""2016-10-01"", ""2016-10-02"", ""2016-10-03"", ""2016-10-04"", ""2016-10-05"", ""2016-10-06"", ""2016-10-07"", ""2016-10-08"", ""2016-10-09"", ""2016-10-10"", ""2016-10-11"", ""2016-10-12"", ""2016-10-13"", ""2016-10-14"", ""2016-10-15"", ""2016-10-16"", ""2016-10-17"", ""2016-10-18"", ""2016-10-19"", ""2016-10-20"", ""2016-10-21"", ""2016-10-22"", ""2016-10-23"", ""2016-10-24"", ""2016-10-25"", ""2016-10-26"", ""2016-10-27"", ""2016-10-28"", ""2016-10-29"", ""2016-10-30"", ""2016-10-31"", ""2016-11-01"", ""2016-11-02"", ""2016-11-03"", ""2016-11-04"", ""2016-11-05"", ""2016-11-06"", ""2016-11-07"", ""2016-11-08"", ""2016-11-09"", ""2016-11-10"", ""2016-11-11"", ""2016-11-12"", ""2016-11-13"", ""2016-11-14"", ""2016-11-15"", ""2016-11-16"", ""2016-11-17"", ""2016-11-18"", ""2016-11-19"", ""2016-11-20"", ""2016-11-21"", ""2016-11-22"", ""2016-11-23"", ""2016-11-24"", ""2016-11-25"", ""2016-11-26"", ""2016-11-27"", ""2016-11-28"", ""2016-11-29"", ""2016-11-30"", ""2016-12-01"", ""2016-12-02"", ""2016-12-03"", ""2016-12-04"", ""2016-12-05"", ""2016-12-06"", ""2016-12-07"", ""2016-12-08"", ""2016-12-09"", ""2016-12-10"", ""2016-12-11"", ""2016-12-12"", ""2016-12-13"", ""2016-12-14"", ""2016-12-15"", ""2016-12-16"", ""2016-12-17"", ""2016-12-18"", ""2016-12-19"", ""2016-12-20"", ""2016-12-21"", ""2016-12-22"", ""2016-12-23"", ""2016-12-24"", ""2016-12-25"", ""2016-12-26"", ""2016-12-27"", ""2016-12-28"", ""2016-12-29"", ""2016-12-30"", ""2016-12-31"", ""2017-01-01"", ""2017-01-02"", ""2017-01-03"", ""2017-01-04"", ""2017-01-05"", ""2017-01-06"", ""2017-01-07"", ""2017-01-08"", ""2017-01-09"", ""2017-01-10"", ""2017-01-11"", ""2017-01-12"", ""2017-01-13"", ""2017-01-14"", ""2017-01-15"", ""2017-01-16"", ""2017-01-17"", ""2017-01-18"", ""2017-01-19"", ""2017-01-20"", ""2017-01-21"", ""2017-01-22"", ""2017-01-23"", ""2017-01-24"", ""2017-01-25"", ""2017-01-26"", ""2017-01-27"", ""2017-01-28"", ""2017-01-29"", ""2017-01-30"", ""2017-01-31"", ""2017-02-01"", ""2017-02-02"", ""2017-02-03"", ""2017-02-04"", ""2017-02-05"", ""2017-02-06"", ""2017-02-07"", ""2017-02-08"", ""2017-02-09"", ""2017-02-10"", ""2017-02-11"", ""2017-02-12"", ""2017-02-13"", ""2017-02-14"", ""2017-02-15"", ""2017-02-16"", ""2017-02-17"", ""2017-02-18"", ""2017-02-19"", ""2017-02-20"", ""2017-02-21"", ""2017-02-22"", ""2017-02-23"", ""2017-02-24"", ""2017-02-25"", ""2017-02-26"", ""2017-02-27"", ""2017-02-28"", ""2017-03-01"", ""2017-03-02"", ""2017-03-03"", ""2017-03-04"", ""2017-03-05"", ""2017-03-06"", ""2017-03-07"", ""2017-03-08"", ""2017-03-09"", ""2017-03-10"", ""2017-03-11"", ""2017-03-12"", ""2017-03-13"", ""2017-03-14"", ""2017-03-15"", ""2017-03-16"", ""2017-03-17"", ""2017-03-18"", ""2017-03-19"", ""2017-03-20"", ""2017-03-21"", ""2017-03-22"", ""2017-03-23"", ""2017-03-24"", ""2017-03-25"", ""2017-03-26"", ""2017-03-27"", ""2017-03-28"", ""2017-03-29"", ""2017-03-30"", ""2017-03-31"", ""2017-04-01"", ""2017-04-02"", ""2017-04-03"", ""2017-04-04"", ""2017-04-05"", ""2017-04-06"", ""2017-04-07"", ""2017-04-08"", ""2017-04-09"", ""2017-04-10"", ""2017-04-11"", ""2017-04-12"", ""2017-04-13"", ""2017-04-14"", ""2017-04-15"", ""2017-04-16"", ""2017-04-17"", ""2017-04-18"", ""2017-04-19"", ""2017-04-20"", ""2017-04-21"", ""2017-04-22"", ""2017-04-23"", ""2017-04-24"", ""2017-04-25"", ""2017-04-26"", ""2017-04-27"", ""2017-04-28"", ""2017-04-29"", ""2017-04-30"", ""2017-05-01"", ""2017-05-02"", ""2017-05-03"", ""2017-05-04"", ""2017-05-05"", ""2017-05-06"", ""2017-05-07"", ""2017-05-08"", ""2017-05-09"", ""2017-05-10"", ""2017-05-11"", ""2017-05-12"", ""2017-05-13"", ""2017-05-14"", ""2017-05-15"", ""2017-05-16"", ""2017-05-17"", ""2017-05-18"", ""2017-05-19"", ""2017-05-20"", ""2017-05-21"", ""2017-05-22"", ""2017-05-23"", ""2017-05-24"", ""2017-05-25"", ""2017-05-26"", ""2017-05-27"", ""2017-05-28"", ""2017-05-29"", ""2017-05-30"", ""2017-05-31"", ""2017-06-01"", ""2017-06-02"", ""2017-06-03"", ""2017-06-04"", ""2017-06-05"", ""2017-06-06"", ""2017-06-07"", ""2017-06-08"", ""2017-06-09"", ""2017-06-11"", ""2017-06-12"", ""2017-06-13"", ""2017-06-14"", ""2017-06-15"", ""2017-06-16"", ""2017-06-17"", ""2017-06-18"", ""2017-06-19"", ""2017-06-20"", ""2017-06-21"", ""2017-06-22"", ""2017-06-23"", ""2017-06-24"", ""2017-06-25"", ""2017-06-26"", ""2017-06-27"", ""2017-06-28"", ""2017-06-29"", ""2017-06-30"", ""2017-07-01"", ""2017-07-02"", ""2017-07-03"", ""2017-07-04"", ""2017-07-05"", ""2017-07-06"", ""2017-07-07"", ""2017-07-08"", ""2017-07-09"", ""2017-07-10"", ""2017-07-11"", ""2017-07-12"", ""2017-07-13"", ""2017-07-14"", ""2017-07-15"", ""2017-07-16"", ""2017-07-17"", ""2017-07-18"", ""2017-07-19"", ""2017-07-20"", ""2017-07-21"", ""2017-07-22"", ""2017-07-23"", ""2017-07-24"", ""2017-07-25"", ""2017-07-26"", ""2017-07-27"", ""2017-07-28"", ""2017-07-29"", ""2017-07-30"", ""2017-07-31"", ""2017-08-01""]
  }, {
    ""Country"": ""Canada"",
    ""date"": [""2016-08-07"", ""2016-08-08"", ""2016-08-20"", ""2016-08-30"", ""2016-09-07"", ""2016-09-16"", ""2016-09-20"", ""2016-09-22"", ""2016-09-28"", ""2016-09-30"", ""2016-10-02"", ""2016-10-04"", ""2016-10-11"", ""2016-10-23"", ""2016-10-28"", ""2016-10-30"", ""2016-11-01"", ""2016-11-06"", ""2016-11-07"", ""2016-11-15"", ""2016-11-16"", ""2016-11-17"", ""2016-11-18"", ""2016-11-19"", ""2016-11-20"", ""2016-11-23"", ""2016-11-24"", ""2016-11-26"", ""2016-11-27"", ""2016-11-28"", ""2016-11-29"", ""2016-11-30"", ""2016-12-01"", ""2016-12-02"", ""2016-12-03"", ""2016-12-04"", ""2016-12-06"", ""2016-12-07"", ""2016-12-08"", ""2016-12-10"", ""2016-12-12"", ""2016-12-14"", ""2016-12-15"", ""2016-12-16"", ""2016-12-19"", ""2016-12-24"", ""2016-12-27"", ""2016-12-29"", ""2017-01-02"", ""2017-01-04"", ""2017-01-08"", ""2017-01-09"", ""2017-01-11"", ""2017-01-14"", ""2017-01-16"", ""2017-01-18"", ""2017-01-24"", ""2017-01-25"", ""2017-01-29"", ""2017-01-30"", ""2017-01-31"", ""2017-02-02"", ""2017-02-04"", ""2017-02-09"", ""2017-02-11"", ""2017-02-16"", ""2017-02-19"", ""2017-02-22"", ""2017-02-23"", ""2017-02-24"", ""2017-03-01"", ""2017-03-02"", ""2017-03-03"", ""2017-03-05"", ""2017-03-06"", ""2017-03-13"", ""2017-03-19"", ""2017-03-20"", ""2017-03-22"", ""2017-03-27"", ""2017-03-30"", ""2017-04-01"", ""2017-04-07"", ""2017-04-09"", ""2017-04-11"", ""2017-04-13"", ""2017-04-14"", ""2017-04-23"", ""2017-04-28"", ""2017-05-01"", ""2017-05-02"", ""2017-05-05"", ""2017-05-08"", ""2017-05-10"", ""2017-05-11"", ""2017-05-12"", ""2017-05-14"", ""2017-05-16"", ""2017-05-24"", ""2017-05-30"", ""2017-06-01"", ""2017-06-06"", ""2017-06-07"", ""2017-06-09"", ""2017-06-10"", ""2017-06-12"", ""2017-06-13"", ""2017-06-15"", ""2017-06-16"", ""2017-06-18"", ""2017-06-24"", ""2017-06-26"", ""2017-06-27"", ""2017-07-04"", ""2017-07-09"", ""2017-07-13"", ""2017-07-14"", ""2017-07-16"", ""2017-07-19"", ""2017-07-21"", ""2017-07-23"", ""2017-07-24"", ""2017-07-25"", ""2017-07-26"", ""2017-07-30""]
  }, {
    ""Country"": ""Japan"",
    ""date"": [""2016-08-22"", ""2016-08-26"", ""2016-09-27"", ""2016-10-23"", ""2016-11-26"", ""2016-12-17"", ""2017-01-05"", ""2017-03-07"", ""2017-03-08"", ""2017-03-10"", ""2017-04-06"", ""2017-05-21""]
  }, {
    ""Country"": ""Philippines"",
    ""date"": [""2016-10-23"", ""2016-12-30"", ""2017-07-24""]
  }, {
    ""Country"": ""Mexico"",
    ""date"": [""2016-08-01"", ""2016-10-03"", ""2016-11-18"", ""2016-11-25"", ""2016-11-29"", ""2016-12-03"", ""2016-12-09"", ""2017-01-03"", ""2017-03-04"", ""2017-04-23"", ""2017-05-07"", ""2017-05-25"", ""2017-06-15"", ""2017-07-26"", ""2017-07-29""]
  }, {
    ""Country"": ""Chile"",
    ""date"": [""2016-09-01"", ""2016-10-08"", ""2016-11-24"", ""2017-02-23""]
  }, {
    ""Country"": ""Puerto Rico"",
    ""date"": [""2016-09-29"", ""2016-10-02"", ""2016-11-02"", ""2016-11-15"", ""2016-12-21"", ""2017-04-29""]
  }, {
    ""Country"": ""Russia"",
    ""date"": [""2016-12-07"", ""2017-03-21"", ""2017-04-04""]
  }, {
    ""Country"": ""Saudi Arabia"",
    ""date"": [""2016-09-20"", ""2017-03-13"", ""2017-05-13""]
  }, {
    ""Country"": ""Ecuador"",
    ""date"": [""2016-10-26"", ""2016-12-28"", ""2017-03-20"", ""2017-03-25""]
  }, {
    ""Country"": ""United Kingdom"",
    ""date"": [""2016-09-21"", ""2016-10-09"", ""2016-12-11"", ""2016-12-13"", ""2016-12-16"", ""2017-01-31"", ""2017-05-15"", ""2017-06-22""]
  }, {
    ""Country"": ""Venezuela"",
    ""date"": [""2016-08-09"", ""2016-08-12"", ""2016-08-13"", ""2016-08-14"", ""2016-08-15"", ""2016-08-16"", ""2016-08-17"", ""2016-08-18"", ""2016-08-20"", ""2016-08-21"", ""2016-08-22"", ""2016-08-23"", ""2016-08-24"", ""2016-08-25"", ""2016-08-26"", ""2017-03-04"", ""2017-03-06"", ""2017-03-15""]
  }, {
    ""Country"": ""Hong Kong"",
    ""date"": [""2016-08-16"", ""2016-09-14"", ""2016-09-15"", ""2016-11-19"", ""2017-01-14"", ""2017-02-10"", ""2017-03-25"", ""2017-07-02""]
  }, {
    ""Country"": ""CuraÃ§ao"",
    ""date"": [""2016-08-15""]
  }, {
    ""Country"": ""Ireland"",
    ""date"": [""2016-12-18"", ""2017-01-17""]
  }, {
    ""Country"": ""Brazil"",
    ""date"": [""2016-10-30"", ""2016-12-29"", ""2017-01-31"", ""2017-02-01"", ""2017-02-23"", ""2017-04-04"", ""2017-05-09"", ""2017-05-12"", ""2017-05-16"", ""2017-05-18"", ""2017-06-02""]
  }, {
    ""Country"": ""(not set)"",
    ""date"": [""2016-08-18"", ""2016-08-19"", ""2016-10-23"", ""2017-07-28""]
  }, {
    ""Country"": ""Colombia"",
    ""date"": [""2016-10-27"", ""2016-11-04"", ""2016-12-06"", ""2016-12-07"", ""2017-02-15"", ""2017-02-22"", ""2017-04-10"", ""2017-05-24""]
  }, {
    ""Country"": ""St. Lucia"",
    ""date"": [""2016-08-22"", ""2017-07-09""]
  }, {
    ""Country"": ""Turkey"",
    ""date"": [""2016-10-16"", ""2017-03-13""]
  }, {
    ""Country"": ""Greece"",
    ""date"": [""2017-06-27""]
  }, {
    ""Country"": ""Taiwan"",
    ""date"": [""2016-08-15"", ""2016-11-03"", ""2016-11-08"", ""2017-01-17"", ""2017-02-03"", ""2017-02-12"", ""2017-02-26"", ""2017-03-22"", ""2017-05-15"", ""2017-05-31"", ""2017-06-27"", ""2017-07-03""]
  }, {
    ""Country"": ""United Arab Emirates"",
    ""date"": [""2017-02-22"", ""2017-04-16""]
  }, {
    ""Country"": ""Ukraine"",
    ""date"": [""2017-03-23"", ""2017-04-05""]
  }, {
    ""Country"": ""Australia"",
    ""date"": [""2016-08-08"", ""2016-12-08"", ""2017-01-05"", ""2017-05-11"", ""2017-06-20""]
  }, {
    ""Country"": ""Israel"",
    ""date"": [""2017-06-11"", ""2017-07-04""]
  }, {
    ""Country"": ""Germany"",
    ""date"": [""2017-01-31"", ""2017-03-04"", ""2017-05-08"", ""2017-06-11"", ""2017-07-23""]
  }, {
    ""Country"": ""Argentina"",
    ""date"": [""2016-11-08"", ""2016-11-09"", ""2017-05-12"", ""2017-05-29"", ""2017-07-27""]
  }, {
    ""Country"": ""Singapore"",
    ""date"": [""2016-09-20"", ""2016-11-14"", ""2016-11-22"", ""2017-01-09"", ""2017-02-11""]
  }, {
    ""Country"": ""Indonesia"",
    ""date"": [""2016-08-22"", ""2016-11-14"", ""2016-11-25"", ""2017-04-12"", ""2017-07-31""]
  }, {
    ""Country"": ""India"",
    ""date"": [""2016-10-20"", ""2017-07-16""]
  }, {
    ""Country"": ""Uruguay"",
    ""date"": [""2016-12-22"", ""2016-12-23""]
  }, {
    ""Country"": ""South Korea"",
    ""date"": [""2016-09-11"", ""2016-12-08"", ""2017-04-08""]
  }, {
    ""Country"": ""China"",
    ""date"": [""2016-08-22"", ""2016-11-24"", ""2016-11-30"", ""2017-03-29"", ""2017-07-25""]
  }, {
    ""Country"": ""Switzerland"",
    ""date"": [""2017-02-08"", ""2017-04-25""]
  }, {
    ""Country"": ""Georgia"",
    ""date"": [""2016-10-28"", ""2017-04-07""]
  }, {
    ""Country"": ""Kazakhstan"",
    ""date"": [""2016-12-26"", ""2017-03-04""]
  }, {
    ""Country"": ""Spain"",
    ""date"": [""2017-06-07""]
  }, {
    ""Country"": ""Czechia"",
    ""date"": [""2017-01-24""]
  }, {
    ""Country"": ""Thailand"",
    ""date"": [""2016-09-18"", ""2016-10-23"", ""2016-11-18""]
  }, {
    ""Country"": ""Belgium"",
    ""date"": [""2017-04-05"", ""2017-04-08"", ""2017-04-13""]
  }, {
    ""Country"": ""Egypt"",
    ""date"": [""2017-02-19""]
  }, {
    ""Country"": ""Peru"",
    ""date"": [""2016-08-07"", ""2017-02-06""]
  }, {
    ""Country"": ""El Salvador"",
    ""date"": [""2016-10-28""]
  }, {
    ""Country"": ""Malaysia"",
    ""date"": [""2016-12-01"", ""2017-07-16""]
  }, {
    ""Country"": ""Kenya"",
    ""date"": [""2016-10-24""]
  }, {
    ""Country"": ""Netherlands"",
    ""date"": [""2016-10-31"", ""2016-11-08""]
  }, {
    ""Country"": ""Pakistan"",
    ""date"": [""2016-10-18""]
  }, {
    ""Country"": ""Cyprus"",
    ""date"": [""2016-11-14""]
  }, {
    ""Country"": ""Denmark"",
    ""date"": [""2016-08-15""]
  }, {
    ""Country"": ""France"",
    ""date"": [""2017-07-11""]
  }, {
    ""Country"": ""Panama"",
    ""date"": [""2016-12-28"", ""2017-06-12""]
  }, {
    ""Country"": ""Anguilla"",
    ""date"": [""2017-02-08""]
  }, {
    ""Country"": ""South Africa"",
    ""date"": [""2016-09-05""]
  }]
}","[30,26,13,2,56,66,51,57,22,30,18,26,73,39,59,11,72,25,46,13,42,438,16,37,14,24,13,31,31,55,41,6,42,18,25,31,22,9,26,26,59,44,23,40,24,16,78,14,39,25,52,32,38,2,12,27,251,23,31,31,25,37,33,2,40,35,54,47,55,35,23,75,68,54,51,46,8,33,49,47,45,23,35,36,49,48,2,28,15,10,1,8,63,27,26,31,27,4,24,94,88,28,50,44,44,44,54,27,32,39,21,20,31,9,83,12,29,32,26,66,49,21,4,8,51,20,47,9,1,19,6,14,3,51,59,26,41,4,15,47,90,36,61,25,28,45,52,6,47,14,1,56,41,19,65,47,29,12,23,1,28,26,77,29,48,51,1,13,30,36,14,11,43,2,18,35,109,5,13,51,22,1,32,14,37,20,1,9,52,8,14,3,10,29,15,24,18,19,54,59,33,46,40,18,15,41,68,34,845,3,31,65,7,7,3,18,3,24,3,27,43,51,52,9,21,18,36,293,11,16,50,30,3,25,42,50,37,28,20,21,28,31,6,22,25,23,47,20,1,44,30,2,38,45,29,1,5,1,29,7,46,11,25,58,14,18,68,44,4,22,48,1,4,29,2,4,62,12,10,2,34,19,4,19,52,21,16,12,2,4,2,4,14,28,2,13,10,2,21,20,35,2,43,23,20,58,53,39,12,14,3,2,2,2,4,25,33,8,52,43,2,10,11,38,22,4,48,6,5,17,24,32,46,54,25,2,6,8,28,10,5,26,14,24,73,34,33,29,2,21,27,24,32,60,4,6,35,29,12,1,10,10,12,62,27,18,12,25,19,27,12,1,3,18,1,15,11,22,73,6,1,15,2,1,28,8,3,30,1,3,20,1,1,14,1,20,5,19,19,37,12,1,4,2,1,8,12,6,6,24,22,4,12,1,31,35,50,34,3,1,22,2,4,13,4,17,32,45,16,2,15,7,36,10,3,1,2,4,27,11,30,2,18,25,1,1,13,14,70,7,42,4,1,1,3,3,1,48,9,11,6,66,28,2,5,3,3,3,3,7,6,19,1,3,4,6,23,4,18,10,1,9,16,2,2,3,3,3,2,2,10,3,2,1,2,6,6,8,10,5,4,15,5,1,5,11,3,22,1,1,1,33,1,1,1,1,6,1,1,10,6,3,1,1,1,2,4,4,1,14,3,2,5,3,2,2,6,4,4,4,11,1,1,1,5,19,2,3,10,3,3,9,7,1,5,3,1,1,3,1,3,97,3,1,6,3,4,7,11,6,3,2,7,2,2,2,2,2,1,4,1,3,2,2,11,10,3,2,2,5,5,4,13,4,4,13,9,9,4,1,1,1,1,5,1,5,1,1,1,8,6,18,4,1,1,1,2,1,7,1,4,4,1,1,1,3,3,3,7,3,1,3,2,3,5,2,2,3,3,2,9,3,6,6,3,2,3,2,13,8,10,10,4,1,2,1,2,5,1,1,2,2,2,2,2,1,1,1,1,1,5,1,1,1,1,1,7,1,1,1,3,1,3,1,4,9,3,7,4,7]"
Social,"{
  ""agg"": [{
    ""Country"": ""United States"",
    ""date"": [""2016-08-01"", ""2016-08-12"", ""2016-08-17"", ""2016-08-19"", ""2016-08-26"", ""2016-08-27"", ""2016-09-01"", ""2016-09-08"", ""2016-09-19"", ""2016-09-20"", ""2016-09-22"", ""2016-11-01"", ""2016-11-05"", ""2016-11-06"", ""2016-11-07"", ""2016-11-12"", ""2016-11-14"", ""2016-11-15"", ""2016-11-16"", ""2016-11-17"", ""2016-11-19"", ""2016-11-23"", ""2016-11-24"", ""2016-11-27"", ""2016-11-29"", ""2016-12-01"", ""2016-12-03"", ""2016-12-04"", ""2016-12-06"", ""2016-12-07"", ""2016-12-09"", ""2016-12-11"", ""2016-12-12"", ""2016-12-13"", ""2016-12-16"", ""2016-12-19"", ""2016-12-20"", ""2016-12-29"", ""2017-01-03"", ""2017-01-09"", ""2017-01-13"", ""2017-01-18"", ""2017-01-19"", ""2017-01-29"", ""2017-01-30"", ""2017-01-31"", ""2017-02-01"", ""2017-02-06"", ""2017-02-07"", ""2017-02-09"", ""2017-02-10"", ""2017-02-13"", ""2017-02-16"", ""2017-02-17"", ""2017-02-19"", ""2017-02-23"", ""2017-02-24"", ""2017-02-26"", ""2017-02-28"", ""2017-03-07"", ""2017-03-16"", ""2017-04-04"", ""2017-04-11"", ""2017-04-13"", ""2017-04-14"", ""2017-04-16"", ""2017-04-18"", ""2017-04-19"", ""2017-04-26"", ""2017-04-28"", ""2017-04-29"", ""2017-05-01"", ""2017-05-02"", ""2017-05-03"", ""2017-05-04"", ""2017-05-05"", ""2017-05-08"", ""2017-05-09"", ""2017-05-10"", ""2017-05-12"", ""2017-05-15"", ""2017-05-20"", ""2017-05-26"", ""2017-05-27"", ""2017-05-31"", ""2017-06-02"", ""2017-06-08"", ""2017-06-13"", ""2017-06-16"", ""2017-06-22"", ""2017-06-29"", ""2017-07-08"", ""2017-07-11"", ""2017-07-19"", ""2017-07-29""]
  }, {
    ""Country"": ""Venezuela"",
    ""date"": [""2016-08-26"", ""2017-03-04"", ""2017-03-05""]
  }, {
    ""Country"": ""Canada"",
    ""date"": [""2016-11-30"", ""2017-05-08"", ""2017-05-17"", ""2017-05-29""]
  }, {
    ""Country"": ""Ireland"",
    ""date"": [""2017-05-04""]
  }, {
    ""Country"": ""Romania"",
    ""date"": [""2016-12-19""]
  }, {
    ""Country"": ""Singapore"",
    ""date"": [""2017-01-10"", ""2017-04-25""]
  }, {
    ""Country"": ""Netherlands"",
    ""date"": [""2016-10-04""]
  }, {
    ""Country"": ""Indonesia"",
    ""date"": [""2017-03-14""]
  }, {
    ""Country"": ""Taiwan"",
    ""date"": [""2016-10-12"", ""2016-10-25""]
  }]
}","[4,4,4,1,1,1,3,3,5,1,4,2,2,4,11,5,3,1,4,71,1,3,3,1,7,2,2,2,5,6,3,9,3,1,5,1,2,14,2,1,3,1,16,5,4,1,3,1,1,4,1,1,4,2,5,5,360,3,9,3,2,4,2,4,1,2,9,1,4,1,1,2,1,1,1,1,5,1,3,5,2,1,1,1,2,1,3,3,1,232,1,1,1,1,1,1,2,1,1,1,1,3,3,2,3,72,1,5,5,1]"
Paid Search,"{
  ""agg"": [{
    ""Country"": ""United States"",
    ""date"": [""2016-08-05"", ""2016-08-09"", ""2016-08-10"", ""2016-08-11"", ""2016-08-12"", ""2016-08-14"", ""2016-08-15"", ""2016-08-16"", ""2016-08-18"", ""2016-08-22"", ""2016-08-23"", ""2016-08-24"", ""2016-08-25"", ""2016-08-27"", ""2016-08-30"", ""2016-09-01"", ""2016-09-03"", ""2016-09-06"", ""2016-09-08"", ""2016-09-09"", ""2016-09-10"", ""2016-09-12"", ""2016-09-14"", ""2016-09-16"", ""2016-09-17"", ""2016-09-20"", ""2016-09-21"", ""2016-09-23"", ""2016-09-24"", ""2016-09-25"", ""2016-09-26"", ""2016-09-28"", ""2016-09-30"", ""2016-10-01"", ""2016-10-02"", ""2016-10-03"", ""2016-10-04"", ""2016-10-05"", ""2016-10-06"", ""2016-10-07"", ""2016-10-08"", ""2016-10-10"", ""2016-10-13"", ""2016-10-14"", ""2016-10-17"", ""2016-10-19"", ""2016-10-20"", ""2016-10-22"", ""2016-10-23"", ""2016-10-24"", ""2016-10-26"", ""2016-10-27"", ""2016-10-28"", ""2016-10-29"", ""2016-10-30"", ""2016-10-31"", ""2016-11-02"", ""2016-11-03"", ""2016-11-04"", ""2016-11-05"", ""2016-11-06"", ""2016-11-07"", ""2016-11-08"", ""2016-11-09"", ""2016-11-11"", ""2016-11-12"", ""2016-11-13"", ""2016-11-14"", ""2016-11-15"", ""2016-11-16"", ""2016-11-18"", ""2016-11-19"", ""2016-11-21"", ""2016-11-22"", ""2016-11-23"", ""2016-11-24"", ""2016-11-25"", ""2016-11-26"", ""2016-11-27"", ""2016-11-28"", ""2016-11-29"", ""2016-11-30"", ""2016-12-01"", ""2016-12-02"", ""2016-12-04"", ""2016-12-05"", ""2016-12-06"", ""2016-12-07"", ""2016-12-08"", ""2016-12-09"", ""2016-12-10"", ""2016-12-11"", ""2016-12-12"", ""2016-12-13"", ""2016-12-14"", ""2016-12-15"", ""2016-12-16"", ""2016-12-17"", ""2016-12-18"", ""2016-12-19"", ""2016-12-20"", ""2016-12-21"", ""2016-12-22"", ""2016-12-23"", ""2016-12-24"", ""2016-12-27"", ""2016-12-28"", ""2016-12-30"", ""2017-01-01"", ""2017-01-02"", ""2017-01-03"", ""2017-01-04"", ""2017-01-05"", ""2017-01-06"", ""2017-01-07"", ""2017-01-08"", ""2017-01-11"", ""2017-01-12"", ""2017-01-13"", ""2017-01-15"", ""2017-01-16"", ""2017-01-18"", ""2017-01-19"", ""2017-01-20"", ""2017-01-21"", ""2017-01-22"", ""2017-01-23"", ""2017-01-24"", ""2017-01-25"", ""2017-01-27"", ""2017-01-29"", ""2017-01-30"", ""2017-02-02"", ""2017-02-06"", ""2017-02-08"", ""2017-02-09"", ""2017-02-10"", ""2017-02-12"", ""2017-02-13"", ""2017-02-14"", ""2017-02-15"", ""2017-02-16"", ""2017-02-17"", ""2017-02-18"", ""2017-02-19"", ""2017-02-20"", ""2017-02-21"", ""2017-02-22"", ""2017-02-23"", ""2017-02-26"", ""2017-02-27"", ""2017-02-28"", ""2017-03-02"", ""2017-03-04"", ""2017-03-05"", ""2017-03-06"", ""2017-03-07"", ""2017-03-09"", ""2017-03-11"", ""2017-03-14"", ""2017-03-15"", ""2017-03-16"", ""2017-03-17"", ""2017-03-18"", ""2017-03-20"", ""2017-03-23"", ""2017-03-24"", ""2017-03-29"", ""2017-03-30"", ""2017-04-03"", ""2017-04-04"", ""2017-04-05"", ""2017-04-06"", ""2017-04-09"", ""2017-04-12"", ""2017-04-13"", ""2017-04-14"", ""2017-04-18"", ""2017-04-20"", ""2017-04-22"", ""2017-04-23"", ""2017-04-24"", ""2017-04-26"", ""2017-04-27"", ""2017-04-28"", ""2017-04-29"", ""2017-04-30"", ""2017-05-01"", ""2017-05-02"", ""2017-05-03"", ""2017-05-06"", ""2017-05-07"", ""2017-05-08"", ""2017-05-09"", ""2017-05-10"", ""2017-05-11"", ""2017-05-12"", ""2017-05-13"", ""2017-05-15"", ""2017-05-17"", ""2017-05-18"", ""2017-05-19"", ""2017-05-20"", ""2017-05-21"", ""2017-05-23"", ""2017-05-24"", ""2017-05-26"", ""2017-05-27"", ""2017-05-29"", ""2017-05-30"", ""2017-06-01"", ""2017-06-02"", ""2017-06-03"", ""2017-06-06"", ""2017-06-07"", ""2017-06-08"", ""2017-06-09"", ""2017-06-10"", ""2017-06-11"", ""2017-06-12"", ""2017-06-13"", ""2017-06-14"", ""2017-06-15"", ""2017-06-16"", ""2017-06-17"", ""2017-06-18"", ""2017-06-19"", ""2017-06-20"", ""2017-06-21"", ""2017-06-22"", ""2017-06-23"", ""2017-06-24"", ""2017-06-25"", ""2017-06-26"", ""2017-06-27"", ""2017-06-28"", ""2017-06-29"", ""2017-06-30"", ""2017-07-01"", ""2017-07-02"", ""2017-07-03"", ""2017-07-05"", ""2017-07-06"", ""2017-07-07"", ""2017-07-09"", ""2017-07-10"", ""2017-07-11"", ""2017-07-12"", ""2017-07-13"", ""2017-07-14"", ""2017-07-15"", ""2017-07-16"", ""2017-07-17"", ""2017-07-18"", ""2017-07-19"", ""2017-07-20"", ""2017-07-21"", ""2017-07-22"", ""2017-07-23"", ""2017-07-24"", ""2017-07-25"", ""2017-07-26"", ""2017-07-27"", ""2017-07-28"", ""2017-07-29"", ""2017-07-30"", ""2017-08-01""]
  }, {
    ""Country"": ""Australia"",
    ""date"": [""2016-11-12""]
  }, {
    ""Country"": ""India"",
    ""date"": [""2016-12-23"", ""2017-06-06""]
  }, {
    ""Country"": ""Poland"",
    ""date"": [""2017-07-30""]
  }, {
    ""Country"": ""Canada"",
    ""date"": [""2017-07-05""]
  }, {
    ""Country"": ""France"",
    ""date"": [""2016-12-24""]
  }, {
    ""Country"": ""China"",
    ""date"": [""2017-07-29""]
  }]
}","[1,8,11,3,1,1,1,2,7,7,7,7,8,2,24,9,4,2,1,13,19,15,25,10,1,14,13,12,2,4,10,3,21,6,14,44,10,20,5,11,6,3,2,6,15,14,12,17,17,3,11,11,5,3,13,5,2,2,1,5,1,1,1,33,2,11,11,5,2,10,2,6,8,2,8,5,8,11,10,4,4,5,13,5,3,2,1,6,15,2,7,1,15,1,4,8,5,18,1,8,11,6,1,1,8,8,10,3,1,7,9,1,5,4,12,1,9,24,1,12,5,2,10,7,11,12,6,6,1,5,3,3,4,5,7,5,4,5,10,3,10,7,6,4,4,4,6,5,5,5,32,10,4,17,3,6,4,20,7,3,9,2,3,6,9,23,2,9,3,6,3,2,1,10,5,5,6,2,1,20,12,13,1,1,2,12,2,3,3,8,3,1,1,2,3,9,7,1,2,1,2,4,14,2,4,1,11,10,1,3,4,4,11,3,5,8,4,1,26,2,2,7,28,4,3,3,8,2,3,5,3,2,11,1,5,6,5,1,1,1,3,10,1,2,2,8,3,2,2,4,2,2,5,1,3,7,3,10,14,5,3,17,5,7,2,1,2,1,15,1,2,5,13,1]"
Display,"{
  ""agg"": [{
    ""Country"": ""United States"",
    ""date"": [""2016-08-02"", ""2016-08-09"", ""2016-08-11"", ""2016-08-12"", ""2016-08-16"", ""2016-08-17"", ""2016-08-18"", ""2016-08-23"", ""2016-08-24"", ""2016-08-26"", ""2016-08-31"", ""2016-09-01"", ""2016-09-07"", ""2016-09-09"", ""2016-09-11"", ""2016-09-13"", ""2016-09-14"", ""2016-09-15"", ""2016-09-16"", ""2016-09-22"", ""2016-09-23"", ""2016-10-03"", ""2016-10-19"", ""2016-10-26"", ""2016-10-28"", ""2016-11-01"", ""2016-11-03"", ""2016-11-08"", ""2016-11-10"", ""2016-11-11"", ""2016-11-13"", ""2016-11-15"", ""2016-11-16"", ""2016-11-19"", ""2016-11-20"", ""2016-11-21"", ""2016-11-23"", ""2016-11-27"", ""2016-11-29"", ""2016-11-30"", ""2016-12-02"", ""2016-12-05"", ""2016-12-06"", ""2016-12-08"", ""2016-12-09"", ""2016-12-11"", ""2016-12-12"", ""2016-12-13"", ""2016-12-14"", ""2016-12-15"", ""2016-12-19"", ""2016-12-20"", ""2016-12-22"", ""2016-12-24"", ""2016-12-27"", ""2016-12-30"", ""2017-01-03"", ""2017-01-04"", ""2017-01-05"", ""2017-01-06"", ""2017-01-09"", ""2017-01-10"", ""2017-01-11"", ""2017-01-12"", ""2017-01-13"", ""2017-01-14"", ""2017-01-16"", ""2017-01-17"", ""2017-01-18"", ""2017-01-19"", ""2017-01-20"", ""2017-01-21"", ""2017-01-23"", ""2017-01-25"", ""2017-01-26"", ""2017-01-27"", ""2017-01-30"", ""2017-01-31"", ""2017-02-02"", ""2017-02-07"", ""2017-02-09"", ""2017-02-14"", ""2017-02-15"", ""2017-02-16"", ""2017-02-18"", ""2017-02-19"", ""2017-02-21"", ""2017-02-24"", ""2017-02-27"", ""2017-02-28"", ""2017-03-06"", ""2017-03-08"", ""2017-03-09"", ""2017-03-24"", ""2017-03-29"", ""2017-03-30"", ""2017-04-03"", ""2017-04-05"", ""2017-04-07"", ""2017-04-13"", ""2017-04-18"", ""2017-04-19"", ""2017-04-20"", ""2017-04-24"", ""2017-04-30"", ""2017-05-02"", ""2017-05-05"", ""2017-05-09"", ""2017-05-11"", ""2017-05-23"", ""2017-05-26"", ""2017-06-01"", ""2017-06-02"", ""2017-06-07"", ""2017-06-08"", ""2017-06-09"", ""2017-06-14"", ""2017-06-22"", ""2017-06-23"", ""2017-06-28"", ""2017-06-30"", ""2017-07-02"", ""2017-07-11"", ""2017-07-12"", ""2017-07-14"", ""2017-07-16"", ""2017-07-17"", ""2017-07-18"", ""2017-07-19"", ""2017-07-21"", ""2017-07-22"", ""2017-07-23"", ""2017-07-25"", ""2017-07-26"", ""2017-07-27"", ""2017-07-28"", ""2017-08-01""]
  }, {
    ""Country"": ""Canada"",
    ""date"": [""2017-05-22""]
  }]
}","[1,1,19,12,6,4,2,17,3,3,1,1,3,2,3,7,4,14,3,17,3,3,8,4,9,1,11,3,2,2,4,7,2,6,4,3,1,5,11,5,1,10,3,3,11,5,1,3,8,5,7,1,4,5,6,1,11,13,1,7,6,23,6,9,3,1,5,2,111,2,1,6,6,6,1,6,8,1,4,5,8,1,3,1,4,6,1,1,3,2,3,1,32,1,11,2,4,3,1,6,5,3,6,2,4,2,1,3,1,10,1,4,4,2,2,1,1,3,5,3,2,12,2,5,34,2,5,5,6,6,9,3,3,1,3,10,4,1]"
Affiliates,"{
  ""agg"": [{
    ""Country"": ""United States"",
    ""date"": [""2016-08-10"", ""2016-08-15"", ""2016-10-11"", ""2017-02-10"", ""2017-03-05"", ""2017-06-05"", ""2017-07-07"", ""2017-07-12"", ""2017-07-13"", ""2017-07-19""]
  }]
}","[1,11,1,4,2,1,3,4,1,1]"
(Other),"{
  ""agg"": [{
    ""Country"": ""United States"",
    ""date"": [""2017-04-18""]
  }]
}",[1]